name,price,unit,category,aliases
Logo Design,2500,each,Design,logo|brand logo|logo designing
Business Card Design,800,each,Design,visiting card|business cards
Website Development,25000,each,Development,website|site|web development
Landing Page Design,6000,each,Development,landing page|single page site
Social Media Post Design,500,each,Marketing,social media post|instagram post|social post
Social Media Management (Monthly),8000,month,Marketing,smm|social media management
SEO Optimization (Monthly),6000,month,Marketing,seo|search engine optimization
Content Writing (per article),1200,each,Content,article|blog writing|content
Video Editing,3000,each,Media,video edit|reel editing
Mobile App Development,60000,each,Development,app development|android app|ios app
Brand Identity Kit,15000,each,Design,brand kit|branding package
Product Photography,2000,each,Media,product photos|photoshoot
